pH,turbidity_NTU,TDS_ppm,flow_rate_L_min,pressure_bar,temperature_C,usage_L_per_day,days_since_filter_change,water_quality,filter_replacement,maintenance_required
7.14,7.62,401,0.69,1.52,27.8,22,170,1,1,0
8.84,0.29,166,1.34,1.28,18.3,11,119,1,0,1
8.23,0.33,464,0.83,4.58,32.3,28,45,0,1,0
7.87,3.36,378,0.92,1.73,27.2,10,125,0,1,0
6.46,4.95,723,0.85,4.28,18.1,47,14,1,0,1
6.46,7.73,656,0.75,3.11,34.3,13,157,1,1,0
6.24,6.78,417,1.72,1.28,25.4,16,134,1,1,1
8.63,4.44,303,0.95,4.85,16.3,23,135,1,1,0
7.78,2.66,996,1.86,2.05,27.7,22,37,2,0,0
8.14,10.0,500,1.94,4.42,20.0,41,53,2,1,1
6.04,4.18,726,1.36,1.71,31.1,26,18,1,0,0
8.89,4.49,239,0.71,4.34,31.5,13,38,1,1,0
8.51,1.64,528,1.06,1.08,34.6,17,129,1,1,1
6.56,8.07,117,1.71,3.01,25.2,28,44,1,1,0
6.47,6.94,563,1.07,4.09,24.2,12,47,1,0,0
6.53,2.43,970,0.65,4.73,30.0,33,35,2,1,1
6.87,0.85,451,1.32,4.7,17.9,30,60,0,0,0
7.58,6.87,138,1.76,4.24,25.9,37,90,1,0,0
7.26,6.49,131,1.72,4.58,25.9,47,52,1,0,1
6.81,3.05,438,0.78,1.79,16.9,46,8,0,1,1
7.9,9.38,253,1.48,2.13,23.4,48,107,2,1,1
6.41,1.63,131,0.84,2.15,32.2,16,169,1,1,0
6.88,4.45,779,0.79,2.47,32.4,11,131,1,1,0
7.04,9.49,513,1.81,2.57,17.0,19,142,2,1,0
7.35,4.24,347,0.91,3.18,16.8,45,96,0,0,1
8.36,6.41,914,0.87,1.65,20.3,49,26,2,0,1
6.55,4.04,210,0.5,3.76,32.6,44,111,0,1,1
7.56,2.79,959,1.83,1.71,17.4,10,123,2,1,0
7.75,9.95,392,1.66,2.28,29.1,48,168,2,1,1
6.13,4.39,897,1.43,2.96,16.9,24,51,2,0,0
7.79,8.89,648,1.64,4.23,27.3,5,123,2,1,0
6.59,2.23,836,0.72,3.91,22.0,25,5,2,1,0
6.2,2.2,986,1.18,3.61,30.9,7,77,2,0,0
8.8,0.69,359,1.05,1.65,19.6,29,160,1,1,0
8.94,6.46,967,0.65,3.11,27.6,20,1,2,1,1
8.38,3.93,448,1.24,1.35,19.7,26,11,0,0,1
6.92,8.84,446,1.87,2.49,29.4,33,8,2,1,0
6.2,4.72,413,0.57,2.62,32.3,44,153,1,1,1
7.99,9.75,583,0.94,1.22,17.6,35,168,2,1,1
7.33,2.12,226,0.82,2.07,32.4,25,32,0,0,0
6.4,8.66,612,0.85,4.78,27.0,42,28,2,1,1
7.5,7.77,599,1.86,4.81,17.7,46,131,1,1,1
6.09,7.67,775,1.18,2.44,23.9,10,128,1,1,0
8.72,8.35,856,1.2,1.16,18.2,29,62,2,1,1
6.71,7.56,492,1.62,1.77,29.0,18,27,1,1,0
7.96,6.17,374,0.71,2.59,30.1,7,45,1,1,0
6.92,1.4,335,1.24,4.69,17.1,35,105,0,0,0
7.61,0.34,273,1.14,1.54,25.3,44,92,0,0,1
7.66,9.25,146,1.42,4.03,31.1,12,25,2,1,0
6.47,6.03,402,1.99,1.45,33.6,42,44,1,0,1
8.92,8.03,335,1.66,4.81,25.5,43,174,1,1,1
8.31,4.96,963,1.11,2.64,34.1,46,142,2,1,1
8.79,1.04,601,1.75,4.12,25.7,17,136,1,1,0
8.71,1.38,407,0.74,2.38,23.0,46,176,1,1,1
7.84,7.03,628,0.55,3.56,32.0,19,142,1,1,1
8.81,4.23,237,0.82,1.87,25.1,30,80,1,0,0
6.23,2.27,495,1.01,1.62,24.4,7,82,1,0,0
6.58,5.02,666,1.22,4.79,24.9,7,135,1,1,0
6.15,0.66,544,1.42,4.68,32.3,37,88,1,0,0
7.02,5.85,466,1.92,4.54,31.7,25,177,1,1,0
7.15,2.82,995,1.25,3.48,23.1,17,127,2,1,0
6.8,8.01,898,1.23,4.19,21.8,14,55,2,1,0
8.44,3.23,665,0.59,1.25,24.7,35,141,1,1,1
7.02,4.51,602,0.56,2.28,26.8,5,56,1,1,1
6.88,0.24,666,1.36,2.25,19.8,41,15,1,0,1
7.69,0.66,288,1.13,3.47,30.9,9,58,0,0,0
6.42,3.98,450,1.78,2.43,24.6,14,163,1,1,0
8.45,4.75,136,0.75,1.59,21.9,22,88,0,1,0
6.24,5.96,534,0.54,3.4,17.2,27,97,1,1,1
8.93,3.13,587,1.18,4.24,19.7,21,144,1,1,0
8.34,7.1,314,0.88,2.67,34.1,19,8,1,0,0
6.67,8.69,988,0.59,1.59,20.9,48,173,2,1,1
6.02,7.7,913,1.56,1.74,18.4,34,40,2,1,0
8.52,0.46,739,0.69,1.96,24.3,6,14,1,1,1
8.0,4.99,583,1.41,2.17,21.3,24,53,1,0,0
8.23,1.16,889,0.92,3.53,15.6,44,127,2,1,1
8.31,2.76,216,0.76,3.34,21.3,19,155,0,1,0
6.21,9.91,823,1.07,3.8,25.8,9,175,2,1,0
7.08,1.53,201,1.73,2.42,25.8,39,80,0,0,0
6.26,5.01,821,1.09,4.34,22.3,32,115,2,0,0
8.58,6.23,343,1.61,1.86,24.1,31,134,1,1,0
7.89,7.03,903,0.68,2.94,34.3,7,55,2,1,1
7.06,5.72,966,1.66,4.16,22.7,11,44,2,0,0
6.17,0.31,228,0.89,1.74,20.2,33,18,1,0,0
6.89,3.24,511,1.53,1.47,19.9,14,16,1,0,1
6.96,5.08,990,1.33,4.51,24.2,28,12,2,0,0
8.23,0.77,532,1.94,2.34,30.2,30,148,1,1,0
7.92,3.63,877,1.09,3.81,18.9,18,45,2,0,0
8.64,0.31,630,0.63,1.11,29.2,48,93,1,1,1
7.44,0.64,422,0.53,3.79,15.4,43,22,0,1,1
6.36,4.07,357,1.75,2.22,23.5,38,97,1,0,0
8.18,1.68,277,1.31,1.17,30.5,9,47,0,0,1
8.25,5.72,782,1.69,3.41,21.8,10,29,1,0,0
7.67,7.02,460,0.87,1.95,26.2,27,45,1,0,0
8.29,8.04,550,1.04,2.5,19.1,12,77,2,1,0
7.42,2.07,550,0.54,1.32,29.9,49,9,1,1,1
7.58,1.86,618,1.93,1.52,15.8,12,24,1,0,0
7.29,1.11,877,1.51,2.14,32.1,27,15,2,0,0
6.08,6.43,990,1.92,1.39,19.0,21,164,2,1,1
6.31,7.13,470,0.9,4.67,32.4,34,13,1,1,0
6.03,0.34,850,1.44,1.0,22.0,11,91,2,0,1
7.89,9.48,796,1.55,2.9,29.5,24,172,2,1,0
6.92,0.59,613,0.96,1.44,21.2,17,101,1,0,1
7.49,5.38,955,1.75,2.21,33.1,45,71,2,0,1
8.71,7.18,271,1.92,4.73,17.4,7,122,1,1,0
6.77,8.62,191,1.84,1.69,18.7,46,76,2,1,1
7.31,7.17,893,1.6,4.84,25.2,42,164,2,1,1
8.28,8.04,505,0.95,1.77,16.5,18,116,2,1,0
6.7,3.58,851,0.93,3.98,19.0,41,61,2,0,1
6.23,8.22,893,1.95,3.15,33.8,6,168,2,1,0
6.79,0.89,160,0.5,4.52,34.6,49,126,0,1,1
6.48,9.05,900,1.54,3.28,22.3,29,155,2,1,0
8.79,5.67,508,1.57,3.18,33.6,19,1,1,0,0
8.53,8.25,557,1.38,1.79,25.8,21,162,2,1,0
7.89,4.58,663,2.0,1.6,20.4,8,68,1,0,0
8.62,6.33,937,0.97,4.68,28.9,50,88,2,0,1
8.41,5.19,118,1.08,2.36,28.3,7,21,1,0,0
6.51,7.31,511,0.67,2.47,34.7,34,161,1,1,1
8.73,0.84,717,1.16,4.1,20.4,25,135,1,1,0
7.65,0.68,743,0.89,2.42,28.4,48,3,1,0,1
8.45,2.56,724,1.04,4.88,16.0,16,51,1,0,0
8.65,1.74,246,1.79,3.96,17.3,29,79,1,0,0
7.01,8.72,372,1.86,3.42,15.0,27,95,2,1,0
6.27,2.32,420,0.74,4.58,35.0,37,123,1,1,0
6.71,9.77,832,1.05,1.22,31.2,8,6,2,1,1
7.38,3.22,355,1.9,2.01,30.6,14,157,0,1,0
8.41,1.8,293,0.6,2.84,25.4,15,17,0,1,1
8.56,7.9,967,0.66,1.92,21.2,38,117,2,1,1
6.02,6.49,125,0.71,3.92,17.9,14,60,1,1,0
7.51,5.1,989,1.34,4.67,20.5,31,150,2,1,0
7.18,5.77,713,0.75,2.75,22.5,15,152,1,1,0
6.67,7.35,838,1.93,2.27,30.0,44,125,2,1,1
6.31,2.34,370,1.13,4.92,26.1,47,81,1,0,1
7.03,10.0,105,1.25,2.83,16.5,28,85,2,1,0
8.79,9.77,761,0.89,2.94,15.3,21,51,2,1,0
7.04,6.5,849,1.21,2.43,16.8,16,178,2,1,0
7.53,2.01,774,1.48,4.64,23.3,7,139,1,1,0
8.1,6.8,237,1.63,3.33,33.6,17,71,1,0,0
7.13,0.77,768,1.62,4.09,27.7,34,170,1,1,0
8.87,0.42,792,1.34,4.19,31.1,29,39,1,0,0
8.9,2.67,687,1.84,2.4,24.2,47,69,1,0,1
6.82,4.68,780,1.74,2.72,22.2,23,48,1,0,0
7.42,8.75,859,1.65,4.39,17.2,36,125,2,1,0
6.91,7.43,649,0.58,2.42,32.6,27,57,1,1,1
6.86,7.55,200,0.5,4.26,30.8,28,21,1,1,1
6.14,4.15,543,0.82,4.81,18.4,17,82,1,0,0
7.78,3.24,159,1.45,3.46,25.2,25,99,0,0,0
7.45,3.87,462,1.12,3.91,24.6,26,148,0,1,0
6.17,9.73,474,1.13,4.2,27.3,37,15,2,1,0
6.85,0.48,176,1.8,4.4,33.9,47,69,0,0,1
8.73,8.55,401,1.83,2.59,26.9,20,179,2,1,0
6.74,5.63,184,1.87,1.27,25.7,7,76,1,0,1
6.4,4.5,842,1.0,2.64,15.9,27,62,2,0,0
7.48,7.36,956,1.53,3.74,16.2,30,119,2,1,0
8.97,4.86,158,0.89,2.81,18.8,13,37,1,0,0
6.7,8.46,964,0.75,3.94,15.7,39,134,2,1,0
8.1,8.96,548,0.78,2.42,29.9,49,26,2,1,1
8.3,4.32,370,1.05,3.59,29.4,48,8,0,0,1
6.66,2.68,172,1.15,1.75,17.7,14,4,0,0,0
8.21,5.98,559,1.75,4.02,31.5,44,21,1,0,1
7.06,9.13,807,0.69,3.17,18.1,37,159,2,1,1
7.93,2.25,737,1.6,1.77,21.1,25,149,1,1,0
7.95,6.28,137,1.28,2.16,19.8,29,25,1,0,0
7.57,6.24,168,0.95,4.0,22.2,43,143,1,1,1
6.31,7.49,456,1.24,2.9,20.3,27,163,1,1,0
8.53,1.38,363,0.95,1.85,24.7,22,177,1,1,0
7.0,7.19,301,1.37,4.83,23.3,27,43,1,1,0
6.64,9.0,358,1.18,3.91,34.7,31,169,2,1,0
6.11,1.83,830,0.76,4.82,16.1,14,37,2,1,0
7.74,2.35,934,0.66,2.77,17.9,46,42,2,1,1
7.99,9.7,465,1.34,2.97,16.0,35,175,2,1,0
6.01,2.08,903,1.84,4.59,27.5,33,92,2,0,0
7.54,8.41,387,1.0,3.06,16.0,9,61,2,1,0
6.7,4.79,529,1.58,3.74,31.5,32,142,1,1,0
7.95,2.71,325,1.45,1.95,25.2,10,68,0,0,0
6.56,8.7,667,1.91,2.73,25.5,9,53,2,1,0
8.07,4.44,993,1.69,1.55,26.2,29,84,2,0,1
7.22,5.31,651,1.32,1.83,18.2,23,34,1,0,0
8.8,3.59,424,1.44,1.02,19.2,31,76,1,0,1
6.53,6.17,698,1.85,1.06,21.5,9,97,1,0,1
7.05,1.79,214,1.1,4.86,27.0,24,152,0,1,0
6.3,3.92,903,0.98,2.01,19.2,13,148,2,1,0
8.72,9.94,553,0.5,3.66,17.1,49,30,2,1,1
8.65,2.59,514,1.71,4.35,34.7,30,88,1,0,0
6.76,6.68,636,1.71,3.22,15.4,36,7,1,0,0
8.01,3.35,657,0.65,1.68,31.0,20,36,1,1,1
8.47,7.9,154,1.38,3.9,30.9,9,38,1,1,0
7.67,1.57,712,1.18,3.4,21.1,49,52,1,0,1
7.55,9.7,311,0.68,3.94,17.7,18,143,2,1,1
6.66,4.51,742,2.0,4.19,18.1,24,174,1,1,0
6.26,2.49,850,0.83,4.81,29.0,34,151,2,1,0
8.73,0.76,820,0.59,3.32,27.8,6,140,2,1,1
8.71,2.0,597,1.4,2.36,30.6,41,172,1,1,1
7.85,5.27,568,1.6,3.61,33.8,29,143,1,1,0
7.03,3.4,236,0.55,1.24,28.4,18,93,0,1,1
7.07,8.33,779,1.48,4.59,18.1,8,107,2,1,0
8.14,4.22,339,1.3,1.51,19.7,12,126,0,1,1
8.7,2.45,549,0.65,2.45,31.7,45,49,1,1,1
8.66,6.34,366,0.74,4.3,19.2,36,21,1,1,0
8.29,7.03,216,1.33,3.35,16.5,16,15,1,1,0
7.95,1.63,652,0.91,2.55,29.0,8,14,1,0,0
6.27,1.82,154,1.87,2.87,22.9,36,42,1,0,0
6.53,0.59,769,1.7,4.34,33.7,31,15,1,0,0
8.75,7.47,376,1.98,2.35,28.3,23,63,1,1,0
7.76,6.78,100,0.87,4.51,16.6,21,27,1,0,0
6.0,4.72,558,1.96,1.29,34.2,15,93,1,0,1
6.32,8.3,137,1.15,4.16,20.1,35,105,2,1,0
8.01,8.25,331,0.98,4.41,21.7,49,53,2,1,1
6.04,5.86,743,0.59,1.7,23.0,13,52,1,1,1
6.65,8.67,167,0.6,2.71,15.9,32,63,2,1,1
7.68,2.29,860,1.52,1.73,25.0,24,57,2,0,0
8.13,1.27,100,1.2,3.86,17.5,25,120,0,0,0
8.0,2.82,320,0.82,3.14,22.9,16,52,0,0,0
6.7,0.91,767,1.42,3.53,21.8,42,107,1,0,1
8.13,5.29,390,0.85,1.79,30.4,27,43,1,0,0
6.74,9.47,198,1.33,1.83,30.9,29,135,2,1,0
6.95,0.5,418,1.03,1.08,18.1,19,117,0,0,1
8.23,1.34,344,1.74,2.38,22.1,13,170,0,1,0
7.93,4.75,862,1.72,3.25,22.5,9,4,2,0,0
8.55,9.41,394,1.19,4.45,18.2,37,133,2,1,0
8.07,3.29,816,1.02,3.67,31.2,14,80,2,0,0
7.62,5.24,910,1.05,2.71,29.1,36,41,2,0,0
6.31,0.47,491,1.71,4.8,18.8,23,132,1,1,0
7.03,1.48,931,0.99,3.81,22.6,24,2,2,0,0
6.78,9.76,443,0.8,4.82,17.2,26,149,2,1,0
6.78,9.43,961,0.66,3.06,27.6,22,43,2,1,1
8.92,0.38,192,1.17,1.99,17.2,10,82,1,0,0
7.13,9.4,724,1.23,1.19,34.8,19,108,2,1,1
8.65,6.41,540,1.79,3.96,30.7,35,137,1,1,0
7.92,8.66,445,0.84,1.49,22.7,35,156,2,1,1
8.35,4.63,671,1.07,2.16,26.6,18,26,1,0,0
7.52,5.29,737,1.7,3.19,33.2,26,82,1,0,0
7.73,5.03,106,1.76,3.29,26.1,14,83,0,0,0
7.45,6.64,253,1.05,3.42,18.2,14,131,1,1,0
6.68,1.46,756,1.17,1.7,22.6,6,73,1,0,0
8.2,0.43,709,0.94,2.63,32.0,45,100,1,0,1
6.75,3.12,971,1.93,3.57,27.8,14,49,2,0,0
6.08,7.26,793,0.69,4.85,28.0,15,145,1,1,1
7.91,2.15,947,1.88,3.98,32.2,18,63,2,0,0
6.57,6.85,735,1.52,4.71,32.9,11,55,1,0,0
8.79,9.77,383,1.29,4.07,33.4,34,151,2,1,0
8.85,1.16,193,0.53,3.3,16.8,8,34,1,1,1
8.76,6.78,797,1.23,1.76,26.1,11,105,2,0,0
7.15,4.35,675,1.08,3.63,29.9,34,105,1,0,0
6.0,8.73,134,0.78,3.53,30.0,20,69,2,1,0
8.77,1.78,418,1.5,3.46,27.2,37,15,1,0,0
7.26,6.9,958,1.98,2.87,18.4,30,175,2,1,0
8.87,8.46,538,1.33,3.11,31.0,17,3,2,1,0
8.97,9.59,489,1.57,2.39,29.2,34,156,2,1,0
8.58,6.86,519,0.57,3.07,16.8,10,3,1,1,1
6.82,5.05,281,1.12,1.82,24.2,29,102,1,0,0
7.2,6.41,445,0.68,4.24,18.5,25,4,1,1,1
8.64,8.73,437,1.45,1.76,22.1,17,88,2,1,0
7.0,6.04,156,1.89,1.33,15.4,32,159,1,1,1
6.44,0.46,786,1.48,2.69,22.9,44,45,1,0,1
7.65,9.13,482,0.62,3.58,25.7,50,45,2,1,1
8.87,7.01,831,1.0,2.78,27.6,32,75,2,0,0
8.06,6.84,872,1.34,2.11,28.1,23,165,2,1,0
7.73,2.38,292,1.08,3.22,31.6,15,9,0,0,0
6.32,6.69,697,1.75,2.37,19.3,17,145,1,1,0
7.81,3.98,515,1.71,4.72,17.6,27,118,1,0,0
8.97,6.42,885,1.4,4.74,32.1,22,65,2,0,0
6.28,1.14,299,1.06,3.0,18.1,46,131,1,1,1
7.5,6.52,702,0.88,2.25,34.5,22,26,1,0,0
8.62,9.93,651,0.65,3.98,31.8,22,159,2,1,1
8.17,0.64,355,1.01,1.14,25.0,22,26,0,0,1
8.16,9.95,230,1.13,2.9,34.6,43,23,2,1,1
8.05,4.17,676,1.55,2.42,17.0,34,30,1,0,0
7.06,8.59,770,1.49,4.68,21.2,33,10,2,1,0
6.89,7.9,389,0.63,1.06,27.9,20,72,1,1,1
8.49,5.84,674,1.06,3.16,22.0,42,64,1,0,1
8.37,7.34,461,0.77,3.95,33.7,7,150,1,1,0
8.65,8.79,744,0.72,2.97,16.3,44,143,2,1,1
8.74,4.1,275,1.71,1.27,25.9,28,123,1,1,1
7.49,3.25,893,0.54,4.9,26.7,23,105,2,1,1
7.52,6.78,343,1.16,3.07,28.1,27,74,1,0,0
8.4,8.09,434,0.77,3.46,20.2,35,148,2,1,0
7.92,7.7,139,1.83,2.0,22.3,6,105,1,1,0
8.11,7.9,201,1.31,2.94,31.7,44,47,2,1,1
8.37,4.36,562,0.85,2.79,18.9,25,87,1,0,0
8.67,8.28,347,1.26,1.26,31.5,20,53,2,1,1
7.04,1.25,850,1.6,1.43,26.3,11,129,2,1,1
7.2,5.68,110,1.9,4.35,30.3,25,2,1,0,0
6.23,0.12,447,0.81,1.91,29.4,27,58,1,0,0
7.82,3.33,407,1.83,1.82,19.1,23,147,0,1,0
6.02,3.83,120,1.91,3.12,26.3,36,72,1,0,0
7.39,3.86,216,1.82,4.07,32.3,24,140,0,1,0
7.66,6.8,459,1.45,1.27,23.7,48,154,1,1,1
6.87,3.78,550,1.44,3.31,34.5,32,27,1,0,0
7.74,4.68,469,1.12,1.45,24.0,41,29,0,0,1
6.08,2.39,570,1.65,1.07,17.9,10,15,1,0,1
6.09,4.08,634,1.31,1.18,23.0,23,174,1,1,1
8.44,2.29,109,1.5,4.28,34.1,20,129,0,1,0
7.12,0.84,517,1.1,1.54,21.5,31,60,1,0,1
6.4,6.24,970,1.59,1.17,32.2,44,107,2,0,1
7.54,6.94,579,1.76,2.73,32.7,9,3,1,0,0
8.35,6.46,719,0.75,4.42,21.9,8,115,1,1,0
6.66,4.82,370,1.77,2.0,16.5,43,146,0,1,1
7.91,3.97,802,1.32,2.66,29.5,15,52,1,0,0
6.29,8.72,807,1.78,1.16,21.1,35,60,2,1,1
6.12,5.33,572,1.14,2.85,30.7,29,34,1,0,0
7.57,4.78,987,1.07,3.33,23.7,42,96,2,0,1
7.65,0.26,230,1.91,3.29,24.8,11,89,0,0,0
7.94,3.48,123,0.86,2.33,30.8,11,60,0,0,0
8.18,3.84,795,1.81,2.28,22.3,30,154,1,1,0
8.94,4.0,835,1.22,1.44,24.0,48,19,2,0,1
7.61,5.92,209,1.3,2.42,22.4,24,111,1,0,0
6.94,5.49,339,0.93,1.4,22.4,20,22,1,0,1
8.41,6.13,113,1.37,4.02,25.5,32,161,1,1,0
6.8,7.83,377,0.97,4.87,31.2,47,166,1,1,1
7.31,8.02,789,0.53,4.86,22.2,43,128,2,1,1
6.29,7.19,579,0.91,4.57,25.7,50,35,1,1,1
6.12,9.48,417,0.53,3.4,28.2,6,107,2,1,1
8.93,0.1,423,1.95,3.74,20.5,10,128,1,1,0
8.57,2.03,104,1.92,2.13,20.8,32,83,1,0,0
8.09,0.16,353,1.09,3.54,33.8,42,138,0,1,1
7.26,6.68,687,1.59,2.89,29.8,18,143,1,1,0
6.51,9.06,984,1.03,2.9,26.4,16,139,2,1,0
6.48,2.4,857,1.53,3.96,28.1,40,111,2,0,0
6.74,9.48,122,1.71,2.17,15.6,8,90,2,1,0
7.65,0.83,925,1.96,2.21,27.6,22,24,2,0,0
8.17,9.41,801,1.1,4.68,25.2,28,77,2,1,0
7.94,3.56,793,1.66,1.21,25.8,30,101,2,0,1
6.93,0.99,524,0.86,2.94,22.4,38,132,1,1,0
8.82,4.87,474,1.98,4.68,16.5,21,13,1,0,0
8.16,2.76,373,0.53,3.41,18.7,33,98,0,1,1
7.71,3.13,167,1.43,3.18,33.9,31,120,0,0,0
7.87,3.31,316,1.5,2.0,23.3,30,37,0,0,0
7.29,8.0,316,1.5,2.38,24.5,34,48,2,1,0
6.77,5.32,532,0.68,4.41,16.1,17,1,1,1,1
7.07,3.2,783,1.92,3.26,16.0,9,60,1,0,0
8.23,5.95,540,0.8,3.1,29.1,10,140,1,1,0
6.04,7.23,157,1.45,1.42,25.7,15,149,1,1,1
6.32,2.78,955,0.85,1.08,25.2,28,139,2,1,1
6.18,4.14,964,0.96,4.78,19.9,43,44,2,0,1
6.11,1.13,803,1.33,2.51,29.9,37,115,2,0,0
8.53,1.95,989,1.16,3.43,18.5,41,108,2,0,1
8.1,6.78,593,0.71,1.35,18.7,21,44,1,1,1
7.44,1.77,979,0.75,3.7,24.2,23,78,2,1,0
6.27,4.98,175,1.11,4.7,20.7,23,162,1,1,0
7.43,7.12,432,1.65,3.27,19.8,14,25,1,1,0
7.43,1.35,307,1.88,1.52,27.9,8,132,0,1,0
6.53,5.9,276,0.62,3.38,28.0,32,116,1,1,1
7.28,2.59,232,1.04,4.05,31.5,50,119,0,0,1
7.18,9.56,639,0.64,2.67,23.4,13,144,2,1,1
7.86,4.94,801,0.54,4.53,16.5,7,10,2,1,1
7.85,7.97,622,1.5,3.58,20.4,40,109,2,1,0
6.08,5.58,223,1.41,4.59,34.8,16,35,1,0,0
7.09,0.61,833,0.73,3.52,26.7,42,134,2,1,1
7.87,6.5,670,0.82,1.54,29.1,37,19,1,0,0
7.52,9.51,463,0.55,2.34,15.5,48,8,2,1,1
8.63,6.04,720,1.73,1.77,25.3,23,10,1,0,0
8.02,8.11,330,2.0,4.66,15.6,35,166,2,1,0
6.48,8.76,410,0.71,4.02,26.5,26,29,2,1,0
6.21,2.34,925,0.84,3.67,33.1,33,15,2,0,0
7.89,2.24,357,1.79,2.2,34.4,25,87,0,0,0
6.08,6.25,525,1.89,1.75,26.1,13,23,1,0,0
7.75,4.08,895,1.12,4.16,24.0,28,46,2,0,0
8.83,8.57,728,0.6,2.89,33.6,29,28,2,1,1
7.69,8.98,161,0.56,1.85,28.3,41,26,2,1,1
7.18,3.6,238,1.34,3.48,16.4,38,10,0,0,0
8.0,2.37,100,1.13,1.07,24.5,35,175,0,1,1
7.37,7.56,675,0.54,2.3,19.7,10,4,1,1,1
7.66,2.92,498,1.39,2.87,24.5,37,55,1,0,0
8.85,8.32,223,0.51,1.62,24.3,28,66,2,1,1
7.14,4.27,969,1.69,4.98,26.8,45,67,2,0,1
8.89,6.72,577,0.97,1.82,22.1,46,135,1,1,1
8.72,1.11,322,0.52,1.51,18.0,7,55,1,1,1
6.59,6.11,547,1.42,1.78,25.0,42,31,1,0,1
6.18,4.51,710,1.13,4.03,31.5,7,74,1,0,0
6.3,6.0,167,1.95,2.71,28.3,22,19,1,0,0
6.07,1.62,341,1.3,3.2,21.8,29,156,1,1,0
6.34,7.43,825,0.92,1.06,33.9,12,81,2,1,1
8.09,8.49,501,1.56,1.1,33.4,39,156,2,1,1
6.3,2.3,588,0.92,2.8,19.2,5,147,1,1,0
6.93,1.05,488,1.86,4.35,16.0,13,87,0,0,0
8.57,0.15,138,1.07,4.48,29.8,31,20,1,0,0
6.08,6.59,247,1.35,1.27,31.6,37,13,1,0,1
8.54,6.03,500,0.59,3.14,34.5,46,77,1,1,1
6.81,5.42,292,1.12,4.65,32.8,37,43,1,0,0
6.31,2.42,152,1.78,2.56,27.3,35,139,1,1,0
8.06,4.1,854,1.75,4.3,25.4,23,176,2,1,0
7.8,5.88,973,0.91,1.52,15.5,5,143,2,1,0
8.61,5.03,805,0.82,4.76,19.9,10,145,2,1,0
8.18,9.93,864,1.74,4.06,24.3,29,50,2,1,0
8.42,1.53,315,1.85,4.68,27.8,35,28,0,0,0
6.87,7.0,959,0.65,3.69,26.1,24,4,2,1,1
6.61,4.06,266,1.17,2.46,29.7,38,22,0,0,0
8.29,4.25,952,1.05,4.71,20.7,28,119,2,0,0
8.39,7.21,996,1.79,2.18,26.4,8,101,2,1,0
8.93,6.84,746,0.59,2.3,16.5,14,39,1,1,1
7.26,9.59,978,0.81,3.8,23.3,43,34,2,1,1
7.06,1.42,610,1.59,4.08,29.8,38,97,1,0,0
8.41,1.23,326,0.6,4.69,28.8,45,44,0,1,1
7.07,7.01,493,1.19,1.74,34.7,10,170,1,1,0
8.77,5.72,627,1.16,4.17,20.7,50,40,1,0,1
8.5,2.88,171,0.95,4.0,25.0,14,97,1,0,0
7.35,1.12,645,1.08,1.25,21.4,6,140,1,1,1
8.24,0.95,980,1.33,2.51,23.9,50,130,2,1,1
8.31,8.87,273,0.75,2.17,31.9,18,156,2,1,0
6.24,1.98,815,1.34,2.21,28.7,35,74,2,0,0
8.68,3.45,939,1.71,4.91,32.5,13,86,2,0,0
7.52,2.27,952,1.64,3.58,19.0,31,90,2,0,0
8.48,3.52,956,0.74,3.9,32.6,46,67,2,1,1
6.94,0.74,568,0.69,5.0,16.3,19,76,1,1,0
8.72,5.14,965,0.91,2.55,33.0,35,92,2,0,0
7.12,0.78,781,0.98,4.26,21.6,13,10,1,0,0
6.02,8.2,239,1.1,2.72,21.3,33,86,2,1,0
8.73,2.45,537,1.51,4.43,25.1,20,102,1,0,0
6.29,5.42,741,0.6,1.72,33.8,15,108,1,1,1
6.99,8.78,322,0.55,4.79,16.1,19,165,2,1,1
8.8,6.37,672,1.06,1.83,22.0,13,91,1,0,0
8.78,5.48,714,1.53,2.29,31.9,46,79,1,0,1
7.78,3.3,243,0.79,4.04,22.9,23,86,0,1,0
7.91,3.38,624,1.46,2.6,19.1,16,107,1,0,0
7.32,7.08,801,0.88,3.45,23.4,25,168,1,1,0
6.95,9.97,553,1.82,2.79,22.5,19,101,2,1,0
7.0,6.57,114,1.86,3.95,33.5,38,108,1,0,0
8.07,5.57,111,0.94,1.89,30.3,49,60,1,0,1
8.26,7.46,405,0.84,1.18,25.1,25,48,1,1,1
8.46,4.72,932,1.17,2.28,34.6,44,117,2,0,1
8.45,0.54,313,0.83,2.9,24.2,30,106,0,0,0
6.26,5.77,671,1.47,1.66,16.4,12,147,1,1,0
7.52,9.51,288,1.76,2.38,20.2,36,33,2,1,0
6.2,2.05,390,1.5,2.73,23.6,28,44,1,0,0
7.71,7.05,877,1.73,1.18,18.2,34,165,2,1,1
7.28,2.04,766,1.08,3.31,33.9,45,112,1,0,1
8.69,5.54,185,0.72,4.56,30.5,25,89,1,1,0
7.1,1.07,494,1.65,1.64,20.6,46,36,0,0,1
6.27,4.65,123,1.06,3.43,26.7,39,81,1,0,0
6.38,7.64,519,1.53,3.74,29.3,27,88,1,1,0
8.19,3.45,688,0.88,2.7,33.4,32,149,1,1,0
7.84,6.61,220,0.59,3.75,32.4,20,130,1,1,1
6.33,8.08,358,1.93,2.63,25.1,49,31,1,1,1
6.32,9.24,456,0.71,3.03,30.5,35,108,2,1,0
8.1,2.38,926,2.0,1.12,26.2,7,30,2,0,1
6.29,3.94,1000,1.98,3.71,25.9,20,172,2,1,0
8.41,1.66,153,1.69,3.7,17.3,33,12,0,0,0
8.05,10.0,803,1.49,1.16,17.6,8,51,2,1,1
6.24,9.16,434,1.35,2.51,25.7,6,121,2,1,0
6.27,5.45,455,1.8,4.92,20.1,25,177,1,1,0
8.96,8.6,766,0.95,2.64,15.4,20,152,2,1,0
7.03,5.25,939,1.16,3.04,29.3,25,152,2,1,0
7.11,6.32,946,1.44,4.67,15.7,17,139,2,1,0
8.38,0.86,621,1.14,3.91,27.0,12,13,1,0,0
8.87,7.63,412,1.13,3.33,25.7,36,91,1,1,0
8.98,1.34,804,1.02,4.16,34.3,28,74,2,0,0
8.22,8.39,319,1.41,4.39,24.6,14,20,2,1,0
7.11,7.97,603,1.78,2.87,16.0,19,72,1,1,0
6.2,7.4,419,0.81,2.92,26.0,32,73,1,1,0
8.33,0.52,686,1.88,2.5,31.8,8,71,1,0,0
7.72,3.14,323,1.53,4.85,35.0,12,78,0,0,0
7.23,2.72,263,1.74,3.77,23.4,8,28,0,0,0
8.74,3.63,928,1.33,1.26,21.3,42,130,2,1,1
6.31,1.01,202,1.65,4.41,32.9,39,121,1,1,0
7.45,9.35,551,0.52,2.87,18.7,39,43,2,1,1
6.03,5.6,293,1.76,1.26,27.1,37,8,1,0,1
7.36,3.26,133,0.57,3.17,23.2,35,13,0,1,1
6.15,3.92,142,1.85,2.6,15.7,26,111,1,0,0
6.31,4.66,260,1.98,4.6,21.9,34,35,1,0,0
6.44,6.19,876,0.96,1.88,20.2,7,23,2,0,0
7.95,5.2,358,0.83,4.28,28.5,33,46,1,0,0
8.21,8.97,946,1.63,3.24,34.0,40,15,2,1,0
7.76,4.95,629,0.89,1.24,20.5,28,130,1,1,1
8.89,10.0,496,1.78,4.94,31.0,21,61,2,1,0
7.11,8.53,619,0.64,3.01,16.2,17,115,2,1,1
6.89,2.05,558,0.69,2.21,25.7,34,64,1,1,1
8.64,9.25,776,1.98,2.86,16.3,36,52,2,1,0
6.65,1.34,358,1.48,4.37,33.8,44,164,0,1,1
8.86,8.25,428,1.79,2.25,30.2,20,69,2,1,0
6.03,3.84,900,1.0,1.83,28.2,40,67,2,0,0
8.81,8.75,956,1.49,1.63,31.5,30,175,2,1,0
6.06,8.65,886,1.36,2.14,28.0,45,83,2,1,1
8.73,7.98,473,1.4,4.15,34.1,29,2,2,1,0
7.65,8.1,802,1.51,2.87,29.0,28,172,2,1,0
8.97,3.08,521,1.36,1.94,33.6,31,78,1,0,0
6.25,1.03,540,1.13,1.6,25.4,39,28,1,0,0
7.67,4.26,278,0.87,2.27,17.2,48,54,0,0,1
9.0,1.93,634,1.64,4.73,25.6,8,67,1,0,0
7.62,6.93,266,0.83,2.37,17.5,7,164,1,1,0
7.88,3.57,380,1.55,4.92,26.9,47,102,0,0,1
8.05,9.76,853,0.83,2.97,24.3,29,120,2,1,0
7.29,6.35,281,1.48,1.77,27.4,33,153,1,1,0
7.89,8.28,168,1.58,4.59,15.2,27,48,2,1,0
7.72,1.28,139,0.86,2.91,19.0,9,167,0,1,0
8.64,8.76,943,0.59,3.86,25.1,40,47,2,1,1
6.11,9.19,552,0.72,4.88,34.0,39,21,2,1,0
6.79,4.94,479,1.41,1.26,22.5,19,158,0,1,1
8.92,6.13,827,1.8,1.36,23.6,19,92,2,0,1
8.71,7.64,855,0.56,3.92,29.5,43,159,2,1,1
7.37,1.89,400,1.58,2.2,27.1,8,121,0,1,0
7.93,5.03,706,1.04,1.76,20.9,45,116,1,0,1
6.83,4.15,800,1.22,1.09,23.3,17,154,1,1,1
6.52,1.4,691,1.89,1.05,19.5,32,150,1,1,1
7.46,3.75,240,1.03,4.16,34.2,47,149,0,1,1
7.08,0.98,920,1.18,1.53,17.7,36,1,2,0,0
7.7,0.25,568,0.53,2.87,22.5,24,165,1,1,1
6.22,1.37,368,0.61,3.45,15.7,36,77,1,1,1
8.88,9.69,481,0.89,2.74,19.4,20,85,2,1,0
8.9,5.56,136,0.54,1.12,30.6,17,46,1,1,1
8.13,9.7,215,1.42,4.12,19.2,50,137,2,1,1
7.69,4.43,786,1.12,1.03,16.4,39,145,1,1,1
6.87,3.26,100,1.35,4.09,24.6,34,47,0,0,0
8.46,5.23,478,0.78,4.59,15.0,21,59,1,1,0
8.02,4.5,557,0.94,2.72,16.8,7,54,1,0,0
6.47,1.12,155,1.51,3.19,31.2,6,86,1,0,0
8.7,6.51,973,1.94,2.9,30.6,30,12,2,0,0
8.43,2.45,295,0.61,2.52,33.4,39,6,0,1,1
8.85,6.22,370,1.84,4.52,31.9,29,53,1,0,0
8.14,6.43,384,1.38,4.54,28.9,43,144,1,1,1
7.85,1.73,303,1.38,2.33,16.2,7,90,0,0,0
7.25,0.7,104,1.23,3.51,30.8,22,5,0,0,0
8.79,7.59,750,0.63,4.67,31.8,16,73,1,1,1
8.56,4.74,976,0.6,4.86,31.0,25,174,2,1,1
6.11,0.62,308,1.44,3.01,25.2,8,14,1,0,0
6.11,9.94,712,1.0,2.8,19.6,48,172,2,1,1
7.15,0.71,767,1.87,2.04,32.1,15,106,1,0,0
8.39,7.0,870,1.07,4.83,29.5,47,52,2,0,1
8.96,9.92,481,0.7,1.56,34.2,24,116,2,1,0
6.48,2.42,384,1.55,3.34,18.1,49,26,1,0,1
7.71,1.57,387,0.93,2.14,19.5,30,53,0,0,0
7.16,1.27,747,1.29,2.07,19.2,47,109,1,0,1
8.88,3.18,833,1.57,2.67,30.8,5,29,2,0,0
8.56,1.17,262,1.85,5.0,18.8,39,19,1,0,0
8.48,6.85,435,1.7,1.23,16.5,46,47,1,0,1
7.33,0.84,914,1.49,3.31,35.0,11,136,2,1,0
7.17,5.08,825,1.5,1.31,15.5,9,23,2,0,1
6.82,10.0,988,1.96,1.63,31.7,24,117,2,1,0
6.18,8.2,792,0.92,2.78,22.3,47,106,2,1,1
8.55,6.39,462,0.54,2.96,31.7,29,163,1,1,1
8.47,3.11,639,0.9,2.02,26.2,29,53,1,0,0
8.93,6.24,691,0.83,2.26,33.1,11,96,1,0,0
8.99,5.32,164,1.51,1.36,33.7,5,5,1,0,1
7.62,4.29,598,1.48,2.26,15.4,41,16,1,0,1
8.28,1.48,745,1.39,4.84,16.4,9,17,1,0,0
8.83,8.7,263,0.51,4.76,20.1,34,160,2,1,1
8.51,4.43,798,1.59,2.32,28.3,46,102,2,0,1
6.72,1.91,623,1.0,3.24,32.9,14,20,1,0,0
7.39,3.84,943,1.52,4.62,24.1,35,112,2,0,0
6.36,4.39,135,1.33,1.05,27.0,9,120,1,0,1
8.9,8.28,347,1.02,4.19,18.8,32,111,2,1,0
7.77,7.34,637,0.74,4.81,30.7,12,1,1,1,0
6.71,7.73,372,0.65,1.3,34.1,38,58,1,1,1
8.08,0.34,741,1.76,1.63,20.4,19,93,1,0,0
7.74,4.12,786,1.85,4.83,24.9,26,172,1,1,0
7.03,4.9,183,1.41,3.22,16.6,32,6,0,0,0
6.37,0.4,563,0.67,1.05,26.0,13,108,1,1,1
8.0,2.73,533,1.1,1.93,25.0,38,103,1,0,0
7.58,7.65,430,1.58,2.71,18.0,19,50,1,1,0
8.29,1.57,927,1.68,3.77,23.9,35,118,2,0,0
7.56,5.1,855,0.68,3.96,21.7,12,110,2,1,1
8.55,2.3,733,0.52,5.0,25.6,36,88,1,1,1
7.71,0.15,747,1.57,2.16,26.8,11,20,1,0,0
7.69,2.29,529,1.01,3.2,15.1,24,14,1,0,0
8.64,9.82,921,0.9,3.11,30.2,16,133,2,1,0
7.19,8.19,739,0.52,2.66,29.1,39,169,2,1,1
6.38,9.58,764,1.32,1.61,22.3,17,40,2,1,0
6.07,5.03,874,1.77,4.87,16.3,45,34,2,0,1
8.29,1.37,356,1.93,4.33,30.2,45,124,0,1,1
7.84,5.66,817,1.35,2.98,34.3,14,45,2,0,0
8.12,4.78,269,1.27,3.41,19.8,33,80,0,0,0
6.73,8.54,406,0.64,1.92,21.7,9,71,2,1,1
6.45,1.08,398,1.31,3.18,18.7,23,155,1,1,0
6.03,4.75,972,1.03,3.74,26.7,37,78,2,0,0
7.1,1.56,881,1.4,3.05,18.1,35,78,2,0,0
7.75,3.22,729,1.1,4.89,22.2,33,172,1,1,0
7.09,7.64,757,0.85,3.51,29.1,18,33,1,1,0
7.27,4.79,601,0.63,2.47,26.2,22,33,1,1,1
8.63,3.83,937,0.99,4.07,22.7,10,44,2,0,0
7.02,4.07,549,0.62,1.75,23.6,37,20,1,1,1
7.54,4.65,426,0.74,2.49,26.2,28,111,0,1,0
8.42,8.06,246,1.98,2.34,15.0,37,164,1,1,0
7.2,8.86,797,1.16,2.68,16.9,16,7,2,1,0
7.86,9.58,777,1.28,4.13,32.5,20,160,2,1,0
8.63,7.81,454,1.81,2.96,16.6,20,167,1,1,0
8.75,3.07,124,2.0,4.21,29.3,6,24,1,0,0
6.45,6.84,865,1.37,3.42,33.3,20,70,2,0,0
8.81,4.43,103,1.73,2.27,20.3,41,112,1,0,1
7.41,2.57,737,1.03,4.27,22.4,45,104,1,0,1
6.82,8.34,975,0.95,1.93,26.2,28,54,2,1,0
7.39,0.33,496,1.11,1.87,32.6,25,38,0,0,0
8.92,9.02,321,1.5,2.99,33.8,6,74,2,1,0
7.51,4.5,740,1.5,2.0,29.8,45,80,1,0,1
7.09,6.49,837,0.96,1.11,16.5,6,32,2,0,1
7.91,6.64,578,0.69,3.63,28.6,48,45,1,1,1
6.73,8.8,962,1.46,3.04,23.2,27,61,2,1,0
6.21,6.37,146,0.74,2.84,24.6,20,53,1,1,1
6.35,6.1,555,1.35,4.8,16.0,47,128,1,1,1
6.42,0.8,738,1.53,3.22,18.7,6,179,1,1,0
6.42,5.38,896,1.55,4.35,30.8,31,76,2,0,0
6.42,1.38,274,1.64,1.53,24.1,30,27,1,0,0
7.9,7.41,825,1.82,3.29,20.8,15,166,2,1,0
6.57,5.15,598,1.28,4.47,22.9,24,62,1,0,0
7.05,6.9,455,1.55,3.34,32.0,34,18,1,0,0
8.74,0.53,211,1.38,3.81,29.7,38,127,1,1,0
7.4,0.86,880,0.77,2.53,20.6,5,109,2,1,0
7.99,7.15,244,0.56,1.38,17.3,47,103,1,1,1
6.48,0.72,369,0.9,2.86,19.9,12,77,0,0,0
6.56,0.93,364,1.09,2.5,33.2,16,117,0,0,0
6.14,0.22,883,1.44,4.48,26.8,17,104,2,0,0
6.54,9.78,689,1.78,1.93,25.5,7,158,2,1,0
6.8,7.39,810,0.77,4.85,26.9,11,49,2,1,0
6.57,3.52,322,0.67,4.85,22.4,49,169,0,1,1
6.33,2.87,678,1.93,1.99,31.2,19,116,1,0,0
6.38,3.36,620,0.66,2.35,25.5,10,141,1,1,1
7.46,7.6,839,1.21,4.58,17.1,10,162,2,1,0
6.59,6.68,919,1.39,4.8,17.5,37,100,2,0,0
7.04,1.99,100,1.25,2.82,25.7,43,125,0,1,1
7.43,1.65,716,0.61,2.27,33.6,17,25,1,1,1
8.14,1.17,143,0.57,3.15,21.2,6,128,0,1,1
6.15,6.59,593,0.65,3.73,32.5,15,100,1,1,1
8.4,7.69,370,1.37,2.07,30.4,8,146,1,1,0
7.89,2.9,365,1.34,3.92,19.8,10,5,0,0,0
6.2,0.41,406,0.81,1.25,16.0,24,19,1,0,1
8.73,0.88,654,1.46,1.17,17.1,15,170,1,1,1
8.77,9.58,410,1.74,2.58,29.6,28,18,2,1,0
6.18,2.78,746,0.6,2.39,19.1,16,121,1,1,1
6.86,7.64,441,1.24,2.17,22.7,47,32,1,1,1
8.44,6.26,158,1.54,2.93,24.8,46,149,1,1,1
8.25,3.77,810,0.84,2.23,29.5,31,10,2,0,0
6.52,2.13,367,0.91,1.77,17.0,21,37,0,0,0
6.65,1.31,485,1.44,2.19,23.1,22,177,0,1,0
7.19,6.17,714,1.85,4.94,24.8,24,86,1,0,0
7.51,7.7,409,1.74,2.64,25.8,38,13,1,1,0
7.92,6.49,136,1.34,2.77,31.3,25,145,1,1,0
7.09,5.4,434,1.61,3.34,18.1,44,9,1,0,1
7.35,0.4,952,1.09,4.97,31.3,47,88,2,0,1
8.23,9.85,682,1.47,1.97,29.1,20,172,2,1,0
6.11,8.0,700,1.21,3.7,26.0,30,46,2,1,0
6.81,3.0,669,0.78,3.78,29.1,9,136,1,1,0
8.07,9.88,258,1.52,3.4,23.0,14,119,2,1,0
8.76,6.09,472,1.36,1.32,17.9,24,165,1,1,1
7.53,5.97,780,1.03,3.71,28.2,14,19,1,0,0
7.58,7.54,183,1.88,1.24,25.4,44,174,1,1,1
6.28,8.07,350,0.5,3.41,27.7,12,94,2,1,1
7.27,6.64,353,0.94,3.93,21.7,26,26,1,0,0
7.64,1.24,486,0.62,1.84,33.2,32,46,0,1,1
6.73,3.46,983,1.64,4.42,26.5,36,118,2,0,0
6.75,9.29,153,1.58,1.14,16.6,22,46,2,1,1
7.07,2.3,565,1.0,4.38,24.0,44,14,1,0,1
6.05,3.77,266,1.47,2.81,29.9,31,85,1,0,0
7.04,4.17,975,1.11,1.84,31.1,25,63,2,0,0
6.62,4.39,197,1.62,1.5,24.8,8,72,0,0,0
6.91,6.18,465,1.2,4.79,32.8,26,3,1,0,0
6.35,9.46,770,1.12,1.32,20.3,42,28,2,1,1
8.66,2.37,717,1.87,1.79,23.4,33,125,1,1,0
7.66,1.44,490,0.88,2.33,33.1,42,157,0,1,1
8.04,1.95,409,0.73,3.56,32.8,27,87,0,1,1
8.36,8.99,462,1.39,3.19,28.9,10,146,2,1,0
7.53,6.54,348,1.95,1.44,32.2,6,163,1,1,0
6.34,2.86,274,1.09,2.14,16.8,19,77,1,0,0
7.66,8.38,529,0.59,1.96,32.3,36,76,2,1,1
7.75,8.5,340,1.01,1.93,21.3,41,175,2,1,1
8.19,8.58,353,1.24,2.59,18.6,18,114,2,1,0
7.4,9.31,705,0.75,3.86,19.7,27,133,2,1,0
6.38,2.53,965,1.51,1.93,23.6,24,75,2,0,0
6.85,7.72,638,1.98,2.44,19.8,23,59,1,1,0
7.09,4.63,171,1.21,2.55,21.6,15,59,0,0,0
7.95,8.47,158,1.03,4.86,17.7,11,47,2,1,0
7.7,7.34,953,1.08,4.81,20.9,14,95,2,1,0
7.04,7.78,371,0.69,4.2,26.5,7,141,1,1,1
8.94,6.69,180,1.81,2.0,23.7,14,78,1,0,0
7.82,1.95,638,1.14,1.32,22.0,5,113,1,0,1
6.69,5.31,657,1.07,2.24,29.5,33,109,1,0,0
6.28,9.99,672,1.49,1.98,32.8,19,106,2,1,0
6.46,9.2,344,1.17,3.02,30.0,49,89,2,1,1
6.73,0.64,128,1.48,4.12,21.4,14,33,0,0,0
6.55,1.85,969,0.55,4.44,29.9,21,97,2,1,1
6.44,1.28,328,1.7,4.37,18.1,21,79,0,0,0
6.91,7.24,714,1.93,2.45,17.7,5,16,1,1,0
6.57,8.08,726,1.47,3.82,21.9,43,44,2,1,1
8.6,2.19,663,1.92,2.27,31.1,6,120,1,0,0
6.22,5.08,384,0.7,1.22,20.0,47,134,1,1,1
7.55,8.51,357,1.2,3.79,16.3,45,108,2,1,1
7.17,7.49,632,1.36,1.03,17.7,29,143,1,1,1
8.92,5.62,894,1.37,2.71,32.3,29,4,2,0,0
6.29,5.88,958,1.09,2.31,27.7,34,56,2,0,0
7.27,5.11,200,0.99,3.77,20.0,22,64,1,0,0
8.95,2.86,241,0.69,4.04,26.0,34,162,1,1,1
8.66,5.6,948,1.1,2.27,25.5,7,95,2,0,0
8.48,7.03,773,0.79,4.34,28.1,7,56,1,1,0
6.72,8.93,896,1.57,2.2,19.7,26,32,2,1,0
6.49,6.26,266,0.84,2.79,32.4,30,116,1,0,0
8.03,7.57,620,0.61,3.91,21.2,45,9,1,1,1
8.74,1.68,729,1.31,3.67,28.9,10,105,1,0,0
7.7,4.7,715,1.39,4.98,15.3,42,78,1,0,1
7.7,0.1,467,1.8,1.91,22.4,14,161,0,1,0
6.82,2.59,124,1.37,3.67,21.9,23,87,0,0,0
8.34,7.24,609,1.05,3.41,25.7,19,21,1,1,0
6.58,9.92,329,1.71,4.64,16.4,23,55,2,1,0
6.95,1.14,490,1.32,1.61,30.9,12,76,1,0,0
7.33,4.07,968,0.61,4.05,19.3,28,130,2,1,1
7.47,7.97,458,1.32,3.25,28.5,41,141,2,1,1
6.76,2.11,859,1.86,2.19,31.2,25,126,2,1,0
6.37,5.59,263,1.12,2.92,26.3,27,132,1,1,0
7.82,7.32,716,0.91,2.28,29.7,43,84,1,1,1
6.88,6.17,988,0.7,3.31,28.3,37,178,2,1,0
7.68,2.14,197,0.73,4.53,22.3,27,115,0,1,0
6.5,3.68,106,1.13,3.18,31.0,17,48,1,0,0
7.43,7.83,495,1.37,3.6,20.8,45,123,1,1,1
7.58,5.67,177,0.61,3.1,26.6,31,78,1,1,1
6.21,0.11,781,1.88,1.22,29.9,15,30,1,0,1
6.98,7.76,937,1.61,1.94,22.3,17,29,2,1,0
6.34,0.49,500,1.4,2.91,20.9,41,136,1,1,1
6.12,7.47,327,1.71,2.22,24.2,7,140,1,1,0
9.0,2.15,494,0.58,1.77,31.2,50,41,1,1,1
6.91,9.41,740,1.21,2.97,33.5,11,26,2,1,0
8.51,3.62,113,1.47,2.18,25.9,41,50,0,0,1
6.67,3.21,635,1.74,2.02,28.4,23,2,1,0,0
8.11,1.59,637,1.67,2.85,33.1,27,55,1,0,0
8.29,3.32,664,0.92,1.54,17.1,45,104,1,0,1
7.79,9.03,316,1.87,4.74,19.8,24,14,2,1,0
7.39,10.0,741,0.7,4.5,29.4,29,134,2,1,1
7.26,3.81,172,1.82,3.84,31.5,7,128,0,1,0
7.05,4.34,282,1.95,1.47,31.8,5,104,0,0,1
8.84,7.19,892,0.79,4.03,23.4,16,95,2,1,0
8.5,8.78,763,1.56,4.25,16.9,36,81,2,1,0
8.91,5.9,106,0.58,4.1,23.8,10,61,1,1,1
6.35,3.96,333,1.11,1.41,19.8,10,12,1,0,1
8.19,4.13,307,1.26,3.51,20.9,23,13,0,0,0
8.83,6.77,340,1.37,4.31,30.5,34,147,1,1,0
6.46,0.21,318,1.9,3.28,16.6,37,172,0,1,0
6.14,6.11,160,1.54,3.62,31.6,13,89,1,0,0
8.25,3.65,510,1.2,2.8,23.3,9,95,1,0,0
7.73,8.19,758,1.69,3.07,26.8,47,59,1,1,1
8.52,0.92,652,1.95,1.11,17.0,17,37,1,0,1
6.42,5.64,690,0.52,3.61,21.6,43,25,1,1,1
8.41,4.83,184,1.99,1.33,16.8,44,16,0,0,1
6.58,6.58,957,0.67,2.73,34.1,40,166,2,1,1
6.46,0.96,852,1.71,2.17,31.3,13,171,2,1,0
6.5,5.7,824,0.93,3.24,24.4,42,87,2,0,1
8.4,5.71,841,0.67,1.5,19.4,40,142,2,1,0
8.02,5.6,925,1.18,3.83,33.7,32,134,2,1,0
7.5,6.06,602,1.47,4.19,21.8,20,23,1,0,0
7.13,7.09,280,1.08,1.64,18.3,17,126,1,1,0
8.65,7.9,659,0.57,1.53,26.4,10,60,2,1,1
7.19,2.8,777,1.36,1.53,34.0,28,140,1,1,0
8.49,8.32,756,1.86,4.49,15.1,31,141,2,1,0
7.39,5.15,573,1.02,3.06,20.2,21,100,1,0,0
7.17,0.87,160,0.81,2.91,33.7,26,103,0,0,0
7.31,0.71,441,1.18,1.5,18.2,21,134,0,1,1
6.84,3.37,911,0.57,3.67,17.2,34,63,2,1,1
8.21,7.9,625,1.77,4.52,26.2,46,38,1,1,1
7.51,7.07,579,1.76,4.3,32.0,12,128,1,1,0
6.72,7.98,346,1.37,3.48,24.4,22,50,1,1,0
8.67,5.18,436,1.03,1.23,34.8,11,40,1,0,1
7.16,4.5,900,1.7,1.54,28.5,33,8,2,0,1
7.6,1.56,694,1.3,1.22,16.6,38,8,1,0,1
8.69,3.47,808,1.72,2.01,34.8,47,104,2,0,1
7.81,4.39,502,1.44,1.6,23.2,18,34,1,0,0
6.31,0.78,674,1.64,2.0,20.8,48,57,1,0,1
8.76,2.42,321,1.4,2.56,26.1,8,174,1,1,0
7.84,5.92,711,1.11,4.76,21.1,32,22,1,0,0
7.05,7.31,482,1.9,3.47,16.8,8,87,1,1,0
6.38,9.91,489,1.32,4.34,15.0,45,40,2,1,1
8.5,9.49,671,1.43,3.78,23.7,29,173,2,1,0
7.88,6.23,933,0.83,1.45,31.7,35,179,2,1,1
7.61,4.62,159,1.43,3.99,26.5,42,86,0,0,1
8.64,6.52,853,1.37,2.1,35.0,12,133,2,1,0
8.4,7.9,366,0.79,3.59,20.7,7,95,1,1,0
6.43,1.26,495,0.6,2.31,20.7,45,13,1,1,1
6.95,4.19,124,1.39,4.99,18.2,19,28,0,0,0
6.86,8.47,367,1.66,2.02,18.3,11,84,2,1,0
8.23,3.97,546,1.32,2.15,20.9,26,62,1,0,0
6.15,5.82,141,0.83,4.72,30.6,32,93,1,0,0
7.68,5.93,528,1.55,1.13,33.2,6,87,1,0,1
8.29,1.91,931,0.61,3.84,34.8,17,24,2,1,1
8.71,3.67,196,1.16,3.93,19.6,6,98,1,0,0
7.0,3.39,787,0.74,4.36,32.8,24,7,1,1,0
8.54,0.48,466,0.78,4.86,21.5,45,166,0,1,1
6.36,0.41,682,0.76,4.9,17.3,49,37,1,0,1
8.52,8.01,339,1.07,1.24,32.4,34,68,2,1,1
6.41,2.87,233,0.56,4.27,27.4,12,170,1,1,1
7.23,5.25,250,1.1,3.57,18.1,46,86,1,0,1
8.42,3.06,155,1.29,3.55,23.4,28,133,0,1,0
6.38,9.37,261,1.23,1.42,20.8,12,178,2,1,0
6.66,2.79,686,1.02,3.57,29.8,46,87,1,0,1
8.16,4.45,890,1.8,4.94,24.1,39,15,2,0,0
8.16,8.65,841,0.73,4.59,34.9,38,123,2,1,0
7.95,8.48,721,1.24,2.76,16.1,37,107,2,1,0
8.09,1.83,207,0.59,1.24,22.3,14,153,0,1,1
7.57,7.9,364,0.61,2.5,24.6,14,89,2,1,1
6.78,4.57,370,1.35,4.38,25.1,36,125,0,1,0
7.07,4.97,322,1.35,3.83,21.3,15,113,0,0,0
6.56,1.52,558,1.81,2.89,29.7,25,137,1,1,0
8.78,0.96,593,1.33,1.19,32.4,40,166,1,1,1
7.79,7.39,411,1.92,2.68,33.9,40,150,1,1,0
7.22,5.07,425,0.54,2.76,30.9,25,107,1,1,1
7.39,4.35,853,0.65,4.76,31.8,41,87,2,1,1
8.77,7.37,825,0.58,3.63,26.1,43,177,2,1,1
6.48,7.77,374,0.79,2.23,31.5,34,68,1,1,0
7.77,1.75,928,1.33,3.09,21.0,15,15,2,0,0
7.53,6.27,977,1.48,1.23,23.1,17,65,2,0,1
7.77,1.52,389,0.56,4.91,21.2,19,54,0,1,1
6.0,7.58,406,1.94,2.49,24.3,10,158,1,1,0
8.67,6.72,539,1.73,2.83,20.9,17,93,1,0,0
8.8,9.57,953,0.92,2.44,34.4,14,20,2,1,0
7.73,0.68,873,0.6,3.72,21.5,25,33,2,1,1
8.09,0.64,189,0.77,3.65,17.0,46,100,0,1,1
8.77,2.81,457,0.71,3.88,25.7,10,77,1,1,1
8.16,2.62,600,0.69,2.06,16.0,37,135,1,1,1
6.44,2.53,557,1.3,2.26,17.1,36,136,1,1,0
7.73,8.98,276,0.85,1.49,19.1,9,156,2,1,0
7.8,2.54,884,1.05,3.66,24.5,47,173,2,1,1
7.25,2.58,701,1.98,1.18,23.6,31,107,1,0,1
8.2,7.64,848,1.55,3.4,31.0,21,120,2,1,0
8.81,4.55,867,1.92,4.42,29.7,39,74,2,0,0
8.76,7.7,781,0.7,4.54,23.6,17,11,1,1,0
7.41,0.82,502,1.08,2.84,21.6,36,31,0,0,0
6.3,5.03,653,1.35,2.84,21.1,7,12,1,0,0
8.94,0.25,254,0.61,1.34,30.6,43,124,1,1,1
8.5,0.64,696,0.51,3.76,15.8,25,78,1,1,1
6.43,8.99,275,1.49,4.34,15.2,34,179,2,1,0
8.77,1.38,738,1.41,1.98,30.6,15,172,1,1,0
8.66,5.46,313,1.12,2.67,24.3,35,96,1,0,0
7.49,4.15,221,1.24,4.25,17.6,40,50,0,0,0
7.78,3.51,235,1.13,4.5,19.4,26,117,0,0,0
7.24,8.79,100,0.5,1.96,33.5,33,17,2,1,1
6.16,0.39,741,0.99,3.22,32.2,26,163,1,1,0
7.06,6.53,765,0.72,1.76,29.1,45,129,1,1,1
8.39,9.65,554,0.68,1.4,24.9,27,157,2,1,1
6.07,5.68,251,1.92,4.56,25.7,43,179,1,1,1
7.1,9.52,186,1.43,4.24,34.4,41,64,2,1,1
7.17,0.48,123,1.61,4.06,34.4,23,132,0,1,0
7.59,3.92,251,0.95,1.28,19.4,15,87,0,0,1
8.82,2.7,894,1.07,4.37,31.1,23,156,2,1,0
7.11,7.54,310,0.87,2.76,18.7,42,16,1,1,1
7.02,9.95,429,0.63,2.41,19.3,15,63,2,1,1
8.19,2.66,201,0.77,3.15,28.5,29,76,0,1,0
7.35,6.53,300,1.69,1.39,23.0,41,85,1,0,1
6.61,2.15,564,1.48,4.0,33.7,21,109,1,0,0
7.32,5.59,630,1.27,3.37,16.7,34,17,1,0,0
6.38,4.74,312,1.21,1.76,25.0,16,168,1,1,0
6.5,9.78,168,1.87,1.76,33.4,10,141,2,1,0
7.5,6.24,441,0.6,1.71,33.2,41,58,1,1,1
7.27,3.86,313,0.94,1.26,17.9,9,165,0,1,1
8.81,1.27,306,1.05,3.44,22.4,17,79,1,0,0
7.05,1.54,954,1.66,4.32,27.2,43,61,2,0,1
7.78,2.33,657,1.98,1.06,18.1,21,113,1,0,1
7.89,2.39,609,0.87,1.21,34.4,49,121,1,1,1
6.04,8.44,474,1.78,3.32,33.2,49,34,2,1,1
8.02,5.61,510,1.75,4.26,18.2,17,70,1,0,0
6.48,5.22,573,0.85,2.19,17.7,7,17,1,0,0
8.9,1.26,736,1.11,2.46,16.6,37,20,1,0,0
6.46,8.53,731,1.07,3.42,33.5,25,59,2,1,0
7.26,7.38,261,1.95,2.02,19.0,10,69,1,1,0
6.27,0.77,554,0.75,1.08,23.3,37,161,1,1,1
9.0,7.11,465,1.7,4.01,24.1,6,102,1,1,0
7.48,5.44,885,1.01,3.56,27.3,44,120,2,0,1
7.77,0.93,653,1.63,3.36,16.3,11,145,1,1,0
6.17,4.73,584,1.12,3.96,19.3,11,57,1,0,0
8.23,4.8,206,1.36,3.7,33.5,13,83,0,0,0
6.6,1.67,650,1.78,1.81,33.2,48,129,1,1,1
8.74,9.43,214,1.72,2.46,30.4,36,13,2,1,0
6.68,8.36,406,1.83,1.46,15.4,41,155,2,1,1
6.54,6.63,230,0.6,1.48,21.7,23,6,1,1,1
6.07,4.63,716,1.51,3.74,27.6,20,97,1,0,0
7.44,4.28,280,0.68,4.43,20.5,16,94,0,1,0
7.67,6.57,463,1.09,4.91,33.1,27,110,1,0,0
6.23,5.52,918,1.33,3.48,27.8,30,151,2,1,0
8.34,0.81,282,1.13,1.74,16.3,33,138,0,1,0
7.29,5.15,557,1.32,1.38,33.5,17,51,1,0,1
7.64,8.12,470,2.0,4.25,34.5,48,147,2,1,1
7.4,4.64,126,0.73,3.25,16.6,13,51,0,1,0
7.17,0.64,818,1.5,3.45,25.6,48,87,2,0,1
7.66,7.82,178,1.06,4.07,21.2,6,68,1,1,0
6.48,1.82,520,0.72,3.84,23.1,27,84,1,1,0
6.56,2.65,602,0.75,4.37,18.5,20,42,1,1,0
8.62,1.89,668,1.92,1.14,26.5,25,57,1,0,1
8.93,3.47,725,1.83,4.05,34.0,31,166,1,1,0
7.11,7.7,326,1.87,4.51,25.2,25,62,1,1,0
6.77,5.38,102,2.0,2.14,16.8,24,7,1,0,0
7.87,2.14,758,0.84,3.53,27.2,38,112,1,0,0
7.2,8.81,588,1.04,2.38,21.7,36,178,2,1,0
6.08,8.74,845,1.52,4.77,31.9,42,26,2,1,1
6.55,8.69,850,1.24,1.13,23.6,16,154,2,1,1
8.13,2.53,869,1.12,3.33,19.0,32,19,2,0,0
7.99,4.7,538,1.06,1.73,18.7,31,9,1,0,0
6.08,9.83,401,1.36,3.87,30.4,22,61,2,1,0
6.72,7.69,817,1.38,1.68,20.1,27,20,2,1,0
6.8,0.37,499,0.71,1.9,30.3,19,106,1,1,0
8.0,0.82,265,1.22,2.96,19.1,11,50,0,0,0
6.04,4.53,851,1.31,4.62,21.3,15,81,2,0,0
6.36,8.85,901,1.37,1.85,24.3,10,150,2,1,0
8.43,5.37,507,0.82,1.56,33.9,36,141,1,1,0
6.62,4.9,180,1.57,3.97,33.5,35,140,1,1,0
7.99,1.08,446,0.55,3.06,18.9,48,10,0,1,1
6.69,6.58,821,1.02,4.63,22.4,38,65,2,0,0
6.33,8.19,907,1.69,1.53,17.9,7,158,2,1,0
6.78,4.03,281,1.35,3.57,25.2,45,8,0,0,1
8.21,7.82,172,0.9,1.93,24.3,44,149,1,1,1
8.59,9.68,869,1.52,1.55,33.5,25,22,2,1,0
8.54,2.19,461,1.34,3.74,33.4,31,18,0,0,0
7.24,5.15,591,1.68,3.32,22.8,49,176,1,1,1
8.06,3.05,961,1.62,4.1,24.7,29,172,2,1,0
6.64,7.94,151,1.46,2.26,32.8,46,9,1,1,1
6.87,5.89,697,1.21,2.77,31.0,9,54,1,0,0
8.7,6.26,159,0.72,2.59,15.0,14,26,1,1,0
6.09,7.83,428,0.84,4.94,21.4,25,94,2,1,0
6.22,4.11,832,1.1,2.2,23.2,31,100,2,0,0
6.64,9.2,493,1.38,2.18,19.7,42,26,2,1,1
6.06,5.28,989,1.24,2.41,19.0,49,34,2,0,1
6.54,1.56,605,0.9,3.26,15.9,22,8,1,0,0
7.81,7.11,381,0.52,1.98,27.8,7,138,1,1,1
7.27,7.82,307,1.24,4.64,20.2,41,48,1,1,1
8.68,3.42,424,0.94,1.97,16.0,32,107,1,0,0
8.39,8.49,439,1.62,4.62,19.4,14,54,2,1,0
7.06,9.14,165,0.55,1.42,31.0,27,168,2,1,1
6.81,2.8,448,1.39,3.6,31.9,38,119,0,0,0
7.24,9.91,518,1.91,4.71,24.6,40,143,2,1,0
7.76,1.43,740,0.73,1.67,23.0,27,81,1,1,0
6.81,2.08,695,1.23,4.82,34.8,19,146,1,1,0
7.88,1.92,755,0.63,2.85,18.9,49,96,1,1,1
7.3,8.84,100,1.42,4.8,19.5,35,102,2,1,0
7.66,6.66,293,1.33,3.73,20.9,23,151,1,1,0
7.32,1.55,699,1.09,2.19,18.3,18,62,1,0,0
6.91,4.43,536,1.27,1.77,22.5,38,46,1,0,0
8.86,6.08,100,1.85,2.2,33.6,16,87,1,0,0
8.27,0.65,833,0.8,1.39,27.5,13,99,2,1,1
6.43,8.82,815,0.51,1.5,23.2,29,39,2,1,1
8.66,8.33,596,1.78,1.4,33.7,18,143,2,1,1
7.41,5.19,153,1.39,2.77,15.9,33,53,1,0,0
8.69,9.67,777,1.85,4.15,19.3,10,80,2,1,0
8.37,4.21,627,1.45,1.54,26.2,34,16,1,0,0
7.33,9.84,813,1.75,1.5,27.0,18,104,2,1,0
6.0,6.77,781,1.17,3.52,15.6,5,70,1,0,0
6.79,6.25,823,1.59,1.69,23.1,11,141,2,1,0
7.64,1.86,561,1.89,1.38,27.8,47,108,1,0,1
7.97,8.91,217,1.36,1.68,29.0,44,47,2,1,1
6.77,4.41,711,0.76,4.69,27.7,16,9,1,1,0
6.4,1.76,666,0.9,4.28,21.3,40,34,1,0,0
8.58,0.22,755,0.82,2.42,17.0,32,157,1,1,0
8.89,5.71,266,0.88,3.67,23.5,49,165,1,1,1
7.48,5.39,280,0.94,3.14,17.6,22,171,1,1,0
6.54,7.18,913,1.35,3.68,34.1,36,86,2,1,0
6.8,8.85,764,1.37,3.72,24.6,8,115,2,1,0
6.02,0.9,906,1.14,3.54,21.5,23,64,2,0,0
8.77,7.51,782,1.41,2.12,30.2,48,152,1,1,1
6.36,1.82,641,0.62,1.13,24.9,29,34,1,1,1
7.71,8.44,704,0.65,2.82,21.0,18,176,2,1,1
6.76,8.23,906,0.74,4.57,31.1,10,12,2,1,0
7.7,5.46,619,1.32,3.24,32.4,37,151,1,1,0
7.98,7.15,661,0.78,4.33,28.7,34,97,1,1,0
8.49,3.24,251,0.91,4.91,16.0,22,121,0,1,0
6.7,4.74,519,1.11,1.57,26.1,48,141,1,1,1
6.0,8.39,758,1.73,3.79,30.4,6,87,2,1,0
6.34,4.47,342,0.52,3.68,17.4,19,102,1,1,1
8.67,3.55,295,1.47,4.93,19.7,46,96,1,0,1
8.62,4.98,388,1.51,4.94,32.5,19,173,1,1,0
7.8,8.12,316,1.69,3.71,15.5,16,114,2,1,0
7.79,3.4,289,1.93,1.97,29.9,29,47,0,0,0
8.02,2.0,479,0.55,4.14,24.7,42,58,0,1,1
6.47,7.15,921,0.75,1.49,23.7,10,133,2,1,1
8.8,8.31,557,1.81,4.06,15.0,47,121,2,1,1
7.26,0.96,264,1.19,4.63,31.3,41,118,0,0,1
7.2,2.4,168,1.34,2.48,22.0,13,5,0,0,0
7.58,1.47,728,1.47,3.55,25.8,37,96,1,0,0
6.16,3.51,427,1.53,2.71,28.7,22,21,1,0,0
6.53,4.7,844,1.89,2.73,29.5,23,152,2,1,0
8.23,7.57,686,2.0,2.28,34.1,40,128,1,1,0
6.28,6.43,807,1.56,4.05,25.8,48,124,2,1,1
7.87,6.28,331,0.97,4.76,23.0,11,146,1,1,0
6.75,3.64,708,1.8,4.72,34.2,24,21,1,0,0
7.2,8.56,327,0.57,1.64,27.8,27,54,2,1,1
6.87,4.94,939,0.87,4.5,21.0,22,138,2,1,0
7.13,9.68,689,1.84,3.94,17.6,21,152,2,1,0
8.13,6.29,388,0.9,2.04,31.8,7,104,1,0,0
6.97,1.21,344,0.8,1.27,22.2,36,111,0,0,1
7.7,6.76,275,0.74,2.08,28.2,25,116,1,1,0
7.37,3.37,726,1.79,4.58,24.5,14,57,1,0,0
8.0,7.0,296,1.24,3.61,18.9,42,128,1,1,1
8.78,0.78,626,1.5,3.87,27.0,41,151,1,1,1
8.24,1.79,350,0.88,2.06,16.5,27,150,0,1,0
6.61,8.59,711,1.63,3.84,23.5,18,162,2,1,0
6.07,2.26,819,1.62,1.12,26.1,34,120,2,0,1
6.71,8.62,792,0.97,2.44,23.7,18,70,2,1,0
7.77,2.68,783,1.09,3.53,30.0,16,156,1,1,0
6.04,6.48,261,0.85,1.56,31.7,38,95,1,0,0
7.42,7.19,184,1.95,4.29,30.6,7,99,1,0,0
7.82,5.18,723,1.49,1.97,15.5,9,167,1,1,0
7.03,3.1,450,1.9,3.56,18.7,5,42,0,0,0
8.33,2.17,499,0.94,2.59,25.9,12,151,0,1,0
6.28,0.41,130,1.67,3.4,33.7,8,70,1,0,0
6.23,3.26,342,1.67,1.52,31.6,50,2,1,0,1
8.18,6.33,139,1.54,1.06,31.7,18,152,1,1,1
7.44,9.56,886,1.98,4.67,21.0,12,145,2,1,0
8.14,8.56,312,1.11,2.08,23.4,16,109,2,1,0
7.34,7.65,603,0.72,4.37,24.7,47,65,1,1,1
6.73,7.86,142,1.5,4.92,18.1,28,70,1,1,0
8.46,6.74,701,1.57,1.85,15.6,21,69,1,0,0
8.41,2.5,378,1.35,1.99,34.0,44,121,0,1,1
7.99,9.13,901,0.81,3.54,19.9,23,109,2,1,0
6.81,6.96,898,1.27,4.87,19.9,20,60,2,0,0
7.74,5.5,392,0.92,4.67,16.8,14,178,1,1,0
7.04,1.22,927,1.14,3.0,33.5,22,93,2,0,0
6.26,4.46,986,1.47,4.18,26.6,19,12,2,0,0
8.83,4.71,847,1.61,1.68,28.4,35,103,2,0,0
6.44,8.66,872,0.88,4.9,33.1,18,175,2,1,0
8.82,5.44,343,1.12,4.88,21.9,31,112,1,0,0
7.37,3.92,616,0.93,1.62,27.5,8,65,1,0,0
6.62,9.97,165,0.8,2.21,15.9,14,155,2,1,0
7.67,1.18,190,1.7,1.39,18.5,23,48,0,0,1
8.62,4.36,1000,1.9,2.07,31.7,47,88,2,0,1
8.17,0.38,393,1.09,4.34,30.3,22,62,0,0,0
8.45,7.32,777,1.61,2.56,22.1,35,44,1,1,0
8.0,9.24,805,1.84,1.36,22.6,16,147,2,1,1
8.12,3.03,878,1.76,2.27,25.9,11,136,2,1,0
8.58,8.64,999,0.78,4.91,15.2,8,55,2,1,0
6.8,2.96,315,1.95,3.64,20.0,19,108,0,0,0
7.45,9.12,153,1.05,2.65,19.4,12,47,2,1,0
6.72,7.42,464,1.01,1.72,20.0,13,2,1,1,0
8.97,8.14,214,0.55,5.0,31.1,39,113,2,1,1
8.92,0.38,136,1.26,4.29,20.7,6,167,1,1,0
6.09,9.58,417,0.65,2.09,18.9,30,173,2,1,1
8.2,7.24,800,0.87,1.17,25.1,22,160,2,1,1
8.79,3.15,609,0.97,1.26,32.4,28,166,1,1,1
6.51,8.26,389,1.74,1.44,19.8,30,11,2,1,1
7.68,2.88,691,1.75,3.33,16.5,19,138,1,1,0
8.74,8.97,298,0.95,4.67,22.3,18,112,2,1,0
6.12,1.18,109,1.79,2.98,30.0,38,90,1,0,0
8.11,7.03,783,1.78,4.37,26.3,44,55,1,1,1
6.86,5.38,660,1.69,2.79,31.1,14,148,1,1,0
8.77,1.14,790,0.7,3.78,34.1,9,17,1,1,0
9.0,2.47,138,1.56,3.98,30.9,45,68,1,0,1
8.91,0.15,838,1.93,1.67,27.3,21,133,2,1,0
7.44,4.89,667,1.55,2.37,25.0,30,151,1,1,0
8.59,3.24,609,0.99,3.55,15.8,21,174,1,1,0
8.54,5.95,673,1.23,1.28,34.5,11,52,1,0,1
6.99,2.83,882,1.49,2.46,22.5,32,138,2,1,0
8.44,3.18,637,1.28,3.2,18.0,29,174,1,1,0
6.1,7.38,627,0.65,4.97,28.1,14,156,1,1,1
7.72,0.67,1000,0.96,2.89,20.6,25,97,2,0,0
6.71,8.82,785,1.71,4.21,26.8,41,171,2,1,1
6.39,8.64,497,1.81,2.77,26.6,32,154,2,1,0
6.21,6.58,756,0.7,4.2,24.1,9,48,1,1,0
8.16,6.05,457,1.87,3.36,31.9,30,29,1,0,0
6.97,8.93,311,1.0,4.47,20.1,37,27,2,1,0
8.11,1.83,626,1.46,2.7,23.9,41,146,1,1,1
6.21,0.84,924,1.59,3.37,25.5,33,104,2,0,0
7.0,2.55,938,1.66,3.49,28.2,12,60,2,0,0
7.69,7.98,409,1.94,2.69,30.8,37,106,1,1,0
8.35,0.5,570,0.97,1.53,22.8,35,69,1,0,0
7.01,6.09,291,1.79,1.3,28.0,6,114,1,0,1
7.88,9.78,1000,0.73,1.0,17.8,24,21,2,1,1
8.65,8.75,989,1.57,4.52,33.8,20,152,2,1,0
7.89,5.27,676,1.65,1.93,22.6,35,102,1,0,0
6.73,0.63,823,1.49,1.98,29.6,15,131,2,1,0
6.0,8.18,737,0.88,3.9,15.4,32,95,2,1,0
8.67,6.01,631,1.77,2.24,18.9,46,105,1,0,1
6.12,1.34,145,0.74,3.0,24.5,41,125,1,1,1
8.59,1.02,505,0.57,1.66,32.7,46,2,1,1,1
7.61,9.28,697,1.59,4.82,25.6,49,66,2,1,1
8.84,6.57,709,1.21,4.44,33.7,5,113,1,0,0
8.41,8.31,431,1.78,4.42,24.7,33,170,2,1,0
8.97,8.66,924,1.1,2.57,24.8,24,162,2,1,0
7.02,5.8,268,0.8,3.97,17.2,44,42,1,1,1
8.3,5.32,559,1.74,1.48,31.1,16,20,1,0,0
7.26,4.31,719,1.3,1.01,19.9,49,97,1,0,1
7.46,2.95,727,0.79,1.07,33.3,33,68,1,1,1
7.86,4.42,674,1.56,3.32,33.3,41,173,1,1,1
8.65,7.81,362,1.3,2.87,34.1,9,75,1,1,0
8.82,6.1,257,1.4,3.12,25.5,13,125,1,1,0
8.35,9.08,673,1.18,1.02,28.4,39,170,2,1,1
7.17,4.37,647,1.73,2.61,30.6,6,47,1,0,0
7.24,6.18,262,1.76,3.85,17.6,42,5,1,0,1
8.16,6.48,724,1.56,2.74,26.9,6,49,1,0,0
6.66,5.76,507,0.65,3.9,15.6,35,124,1,1,1
6.38,7.1,702,1.8,1.9,25.0,21,37,1,1,0
7.04,2.39,850,1.49,4.22,18.3,33,162,2,1,0
6.88,5.16,251,1.55,3.33,18.4,36,146,1,1,0
6.89,1.17,116,1.05,1.81,22.5,20,19,0,0,0
6.72,3.86,800,1.78,1.96,23.5,10,40,2,0,0
6.13,4.86,649,1.6,3.53,27.3,8,17,1,0,0
6.0,6.56,721,0.65,4.28,16.7,32,99,1,1,1
9.0,9.39,848,1.13,2.72,25.2,28,93,2,1,0
7.26,5.93,812,1.81,1.99,18.9,38,42,2,0,0
7.08,7.53,973,0.59,4.4,26.6,28,123,2,1,1
8.02,4.98,565,1.96,3.7,28.0,24,107,1,0,0
6.72,6.45,550,1.54,2.75,26.2,23,72,1,0,0
8.89,0.85,473,1.46,2.96,29.8,6,65,1,0,0
8.34,2.43,236,0.9,1.71,21.7,20,109,0,0,0
6.25,3.61,594,0.86,3.57,30.5,49,53,1,0,1
7.24,4.91,346,1.94,2.46,23.6,44,135,0,1,1
8.73,0.44,928,0.93,4.91,24.6,20,133,2,1,0
8.85,1.44,617,1.64,2.85,28.0,31,24,1,0,0
7.42,2.89,630,1.1,3.01,15.1,43,28,1,0,1
7.89,9.81,432,0.69,3.23,28.1,25,62,2,1,0
6.51,3.35,152,0.5,4.63,27.1,6,17,0,1,1
8.96,4.8,121,1.29,4.1,21.2,8,20,1,0,0
6.69,2.2,468,1.95,2.78,16.8,28,3,0,0,0
8.83,6.34,173,1.05,3.86,16.7,49,165,1,1,1
7.95,2.99,644,1.05,3.37,33.7,36,143,1,1,0
7.85,2.16,897,1.04,2.91,28.6,8,51,2,0,0
7.54,5.12,891,1.29,1.7,17.7,14,176,2,1,0
6.72,0.1,697,1.16,2.88,22.2,40,136,1,1,0
6.53,0.24,306,1.82,2.02,26.6,43,141,0,1,1
6.66,2.32,884,1.27,4.59,32.1,33,176,2,1,0
6.47,0.61,897,1.29,2.39,15.9,34,3,2,0,0
8.38,1.24,275,0.71,4.81,19.6,6,73,0,1,0
7.07,3.28,761,1.96,3.18,32.6,42,159,1,1,1
6.21,8.17,368,0.85,3.53,15.2,40,105,2,1,0
8.78,5.65,817,0.58,3.06,19.0,17,118,2,1,1
8.74,5.14,998,1.5,1.51,34.2,37,154,2,1,0
8.77,3.04,127,1.4,2.55,27.3,15,34,1,0,0
9.0,9.54,904,1.13,1.36,20.3,7,137,2,1,1
6.47,4.37,649,1.13,3.47,16.2,14,62,1,0,0
7.22,1.03,979,1.71,2.78,15.3,13,120,2,0,0
8.22,6.19,518,0.78,3.98,19.9,20,115,1,1,0
8.06,1.29,867,1.75,1.95,32.3,24,13,2,0,0
6.54,3.62,152,1.47,1.62,23.3,28,69,1,0,0
8.44,5.08,412,1.12,2.65,29.3,26,169,1,1,0
6.68,8.95,153,1.2,4.71,33.4,17,77,2,1,0
6.71,5.02,992,0.89,3.9,23.4,6,1,2,0,0
7.63,7.1,821,1.64,2.7,18.7,32,89,2,1,0
7.79,10.0,871,1.27,3.06,25.4,23,47,2,1,0
7.76,1.45,948,0.98,1.3,33.1,18,4,2,0,1
6.38,2.91,170,1.44,4.98,31.3,44,10,1,0,1
8.63,3.94,451,2.0,3.59,16.2,39,28,1,0,0
6.81,4.22,175,1.17,2.17,28.8,44,121,0,1,1
6.44,4.05,272,1.88,3.29,26.5,27,126,1,1,0
8.72,9.14,310,1.04,1.5,33.0,11,134,2,1,1
8.92,7.26,501,0.59,4.87,17.3,36,155,1,1,1
8.62,6.17,334,0.81,1.73,25.6,14,140,1,1,0
8.38,3.34,204,1.12,3.59,32.6,25,62,0,0,0
8.04,8.26,246,0.83,1.9,23.4,8,176,2,1,0
7.6,9.63,223,0.5,3.83,24.3,42,67,2,1,1
6.27,8.11,974,1.87,4.14,16.4,11,174,2,1,0
7.2,0.1,800,1.76,3.7,20.7,46,74,1,0,1
7.12,6.48,956,1.65,3.51,21.5,44,95,2,0,1
6.79,0.7,487,0.75,4.59,34.1,26,143,0,1,0
8.18,2.62,363,0.65,1.27,20.7,38,36,0,1,1
7.51,0.68,833,0.6,2.28,24.2,33,142,2,1,1
6.31,5.91,393,1.57,1.99,28.5,41,112,1,0,1
6.68,6.86,359,1.9,4.85,18.2,24,131,1,1,0
8.04,1.33,326,1.16,2.63,24.6,40,113,0,0,0
6.27,3.96,230,0.7,3.95,29.9,26,110,1,1,1
8.6,4.68,337,1.25,3.79,32.2,47,114,1,0,1
7.44,3.76,413,1.02,1.78,27.4,27,67,0,0,0
7.47,1.3,707,1.03,2.01,28.3,26,126,1,1,0
7.81,4.18,155,1.45,2.23,17.7,40,86,0,0,0
8.46,7.62,292,1.59,2.58,33.5,42,19,1,1,1
7.1,0.85,840,0.68,1.97,17.8,30,69,2,1,1
8.02,0.94,239,0.55,1.08,30.5,13,10,0,1,1
7.71,3.55,399,2.0,4.45,20.1,26,161,0,1,0
6.79,9.18,889,0.89,4.88,33.7,49,141,2,1,1
8.64,6.84,242,0.57,2.41,29.5,39,128,1,1,1
8.34,6.77,180,0.78,2.32,30.2,42,99,1,1,1
7.92,3.59,548,0.54,1.08,19.0,6,179,1,1,1
8.62,6.06,363,1.07,3.65,24.1,26,32,1,0,0
8.56,0.16,607,1.7,4.23,27.3,34,112,1,0,0
8.09,6.52,819,1.03,1.6,30.5,42,24,2,0,1
8.42,9.21,210,1.16,1.64,17.2,7,35,2,1,0
8.06,6.24,626,1.5,4.13,34.1,43,83,1,0,1
7.98,8.6,576,1.25,3.51,32.9,30,70,2,1,0
7.93,7.4,215,1.78,1.2,20.3,14,168,1,1,1
8.3,1.32,662,1.81,3.53,31.2,19,109,1,0,0
6.45,8.99,351,0.5,2.23,25.6,18,172,2,1,1
8.74,0.78,540,1.7,2.5,24.1,29,99,1,0,0
8.66,5.19,173,1.18,4.06,21.2,7,33,1,0,0
6.08,1.55,503,2.0,4.33,26.5,12,56,1,0,0
8.37,0.11,378,1.19,2.56,29.6,42,164,0,1,1
6.49,4.13,834,1.99,4.88,23.2,11,147,2,1,0
6.95,2.85,133,1.64,2.63,27.7,16,171,0,1,0
8.16,5.03,487,0.88,4.03,28.8,25,12,0,0,0
6.52,5.74,521,1.29,3.0,29.1,28,11,1,0,0
8.56,0.7,753,2.0,4.6,16.0,39,70,1,0,0
8.56,1.26,619,1.76,4.67,32.5,25,140,1,1,0
7.54,5.44,709,0.64,1.4,24.2,41,41,1,1,1
6.05,3.38,801,1.58,4.76,20.3,33,153,1,1,0
6.9,7.46,883,1.04,4.27,19.8,10,106,2,1,0
7.88,6.54,380,0.51,4.21,24.6,12,3,1,1,1
8.95,8.41,595,1.09,1.8,32.7,25,3,2,1,0
7.9,6.98,859,0.86,4.25,22.6,23,84,2,0,0
6.78,4.42,993,1.73,4.31,30.1,38,156,2,1,0
7.87,6.88,891,0.96,2.18,17.1,31,151,2,1,0
7.61,2.99,436,1.76,4.78,24.5,22,176,0,1,0
8.27,3.09,269,0.5,1.27,35.0,13,170,0,1,1
6.32,7.76,535,0.99,1.63,30.3,15,107,1,1,0
8.24,4.47,760,0.84,3.16,19.1,31,168,1,1,0
7.57,8.03,534,0.78,3.32,24.9,24,134,2,1,0
8.9,8.13,553,0.61,3.54,19.7,28,20,2,1,1
7.09,8.48,865,0.79,1.14,23.2,13,139,2,1,1
7.94,9.21,441,1.29,4.93,30.7,35,96,2,1,0
8.73,4.36,864,0.92,1.2,30.3,43,124,2,1,1
6.27,3.26,467,1.19,1.64,19.6,17,155,1,1,0
8.85,5.78,384,1.06,1.03,33.5,27,21,1,0,1
8.02,3.74,503,1.83,3.23,26.6,49,114,1,0,1
6.19,5.95,778,1.85,4.73,22.9,20,13,1,0,0
6.92,7.19,223,1.19,3.68,25.0,32,86,1,1,0
8.08,7.03,274,1.0,4.27,26.8,9,35,1,0,0
6.2,3.61,965,0.65,1.07,26.2,32,47,2,1,1
7.69,1.65,263,1.92,3.18,24.7,9,156,0,1,0
7.01,4.2,630,0.59,2.8,25.1,48,149,1,1,1
7.87,1.44,609,0.96,3.02,18.6,37,146,1,1,0
6.07,8.9,551,0.95,1.33,31.4,40,159,2,1,1
8.63,3.36,689,0.95,3.75,25.8,37,125,1,1,0
8.92,1.53,299,0.76,3.06,17.7,32,110,1,1,0
8.93,0.24,605,1.63,4.01,30.3,25,37,1,0,0
8.26,6.51,438,0.63,2.96,33.8,44,21,1,1,1
6.45,6.42,694,1.47,1.55,33.7,48,14,1,0,1
